{"train_loss_step":4542.421875,"_wandb":{"runtime":35},"_timestamp":1.740995783925647e+09,"_step":111,"train_loss_epoch":4545.5625,"epoch":0,"trainer/global_step":77,"_runtime":34.606508844,"train_loss":4542.421875}