{"_step":39001,"train_loss":290.07562255859375,"_wandb":{"runtime":6189},"val_loss":411.7005920410156,"_timestamp":1.7410536201898768e+09,"_runtime":6188.682084348}