{"_timestamp":1.7409957841785777e+09,"_runtime":27.619729524,"_step":94,"_wandb":{"runtime":27},"train_loss":4446.935546875}