{"_wandb":{"runtime":28},"train_loss":4606.43994140625,"_timestamp":1.7409957839103463e+09,"_runtime":27.541198052,"_step":94}