{"_wandb":{"runtime":27},"train_loss":4493.06640625,"_timestamp":1.7409957839107187e+09,"_runtime":27.483940664,"_step":94}