{"_wandb":{"runtime":15},"val_loss":1739.756103515625,"_timestamp":1.7410470285483048e+09,"_runtime":14.745292559,"_step":79,"train_loss":1836.7427978515625}