{"_runtime":14.878663701,"_step":79,"val_loss":1767.3260498046875,"_timestamp":1.741047028634687e+09,"train_loss":1770.869873046875,"_wandb":{"runtime":15}}