{"_step":39001,"train_loss":292.3057861328125,"_wandb":{"runtime":6189},"val_loss":427.1478576660156,"_timestamp":1.7410536201675925e+09,"_runtime":6188.61673563}