{"_runtime":14.781031351,"train_loss":1797.19189453125,"_wandb":{"runtime":15},"_step":79,"val_loss":1760.1749267578125,"_timestamp":1.741047028540136e+09}