{"_wandb":{"runtime":27},"train_loss":4448.9638671875,"_timestamp":1.740995783683307e+09,"_runtime":27.110625823,"_step":94}