{"_runtime":13217.35251187,"trainer/global_step":38999,"val_loss":1704.0216064453125,"train_loss_step":978.112060546875,"train_loss_epoch":946.7554321289062,"epoch":499,"train_loss":978.112060546875,"_wandb":{"runtime":13218},"_timestamp":1.741009325541239e+09,"_step":48281}