{"train_loss":1712.828369140625,"_wandb":{"runtime":15},"val_loss":1793.878662109375,"_timestamp":1.7410470285047596e+09,"_runtime":14.710039887,"_step":79}