{"_step":46501,"train_loss":898.6093139648438,"_wandb":{"runtime":13211},"val_loss":1928.230712890625,"_timestamp":1.7410093254455392e+09,"_runtime":13210.159443012}