{"_timestamp":1.7410536201200192e+09,"_runtime":6188.701926268,"_step":39001,"train_loss":308.6661376953125,"_wandb":{"runtime":6189},"val_loss":554.080322265625}