{"_wandb":{"runtime":13211},"_timestamp":1.7410093252580087e+09,"_runtime":13209.97143917,"_step":46501,"val_loss":1369.337646484375,"train_loss":957.345458984375}