{"_timestamp":1.7410093254348223e+09,"_runtime":13210.189089606,"_step":46501,"val_loss":1243.121337890625,"train_loss":933.33349609375,"_wandb":{"runtime":13211}}