{"_step":39001,"train_loss":294.7806701660156,"_wandb":{"runtime":6189},"val_loss":428.4534606933594,"_timestamp":1.7410536202379177e+09,"_runtime":6188.833458345}