{"train_loss":268.6116943359375,"_wandb":{"runtime":6189},"val_loss":390.2895202636719,"_timestamp":1.7410536201144671e+09,"_runtime":6188.65256502,"_step":39001}