{"train_loss":1997.41845703125,"_wandb":{"runtime":14},"val_loss":1829.53759765625,"_timestamp":1.7410470285591824e+09,"_runtime":14.547881782,"_step":79}