{"epoch":0,"_runtime":21.651862282,"_timestamp":1.7410470286105552e+09,"_wandb":{"runtime":21},"val_loss":1833.05908203125,"trainer/global_step":64,"train_loss":1848.87109375,"train_loss_step":1862.2161865234375,"_step":81}