{"_runtime":13210.194478499,"_step":46501,"train_loss":1002.0733642578125,"_wandb":{"runtime":13211},"val_loss":1358.28125,"_timestamp":1.741009325453873e+09}